{
  "name": "haqua34",
  "vendorId": "0x1926",
  "productId": "0x041D",
  "matrix": { "rows": 8, "cols": 5 },
  "layouts": {
    "keymap": [
      [
        {
          "r": 15,
          "x": 3
        },
        "0,2"
      ],
      [
        {
          "y": -0.8,
          "x": 1
        },
        "0,0",
        "0,1",
        {
          "x": 1
        },
        "0,3",
        "0,4"
      ],
      [
        {
          "y": -0.19999999999999996,
          "x": 3
        },
        "1,2"
      ],
      [
        {
          "y": -0.8,
          "x": 2
        },
        "1,1",
        {
          "x": 1
        },
        "1,3",
        "1,4"
      ],
      [
        {
          "y": -0.55,
          "x": 1
        },
        "1,0"
      ],
      [
        {
          "y": -0.6499999999999999,
          "x": 3
        },
        "2,2"
      ],
      [
        {
          "y": -0.8000000000000003,
          "x": 2
        },
        "2,1",
        {
          "x": 1
        },
        "2,3",
        "2,4"
      ],
      [
        {
          "y": -0.5499999999999998,
          "x": 1
        },
        "2,0"
      ],
      [
        {
          "y": -0.3500000000000001,
          "x": 5.15
        },
        "3,3"
      ],
      [
        {
          "r": 30,
          "y": -2.6,
          "x": 7.05
        },
        "3,4"
      ],
      [
        {
          "r": -30,
          "y": 5.449999999999999,
          "x": 3.05
        },
        "7,0"
      ],
      [
        {
          "r": -15,
          "y": -5.85,
          "x": 8.3507
        },
        "4,2"
      ],
      [
        {
          "y": -0.75,
          "x": 6.35
        },
        "4,0",
        "4,1",
        {
          "x": 1
        },
        "4,3",
        "4,4"
      ],
      [
        {
          "y": -0.25,
          "x": 8.35
        },
        "5,2"
      ],
      [
        {
          "y": -0.75,
          "x": 6.35
        },
        "5,0",
        "5,1",
        {
          "x": 1
        },
        "5,3"
      ],
      [
        {
          "y": -0.4500000000000002,
          "x": 10.35
        },
        "5,4"
      ],
      [
        {
          "y": -0.7999999999999998,
          "x": 8.35
        },
        "6,2"
      ],
      [
        {
          "y": -0.75,
          "x": 6.35
        },
        "6,0",
        "6,1",
        {
          "x": 1
        },
        "6,3"
      ],
      [
        {
          "y": -0.4500000000000002,
          "x": 10.35
        },
        "6,4"
      ],
      [
        {
          "y": -0.5,
          "x": 6.25
        },
        "7,1"
      ]
    ]
  }
}
