{
  "name": "gku34",
  "vendorId": "0x1926",
  "productId": "0x041C",
  "matrix": { "rows": 4, "cols": 10 },
  "layouts": {
    "keymap": [
      [
        {
          "r": 15,
          "x": 3
        },
        "0,2"
      ],
      [
        {
          "y": -0.8,
          "x": 1
        },
        "0,0"
      ],
      [
        {
          "y": -1,
          "x": 2
        },
        "0,1"
      ],
      [
        {
          "y": -1,
          "x": 4
        },
        "0,3"
      ],
      [
        {
          "y": -1,
          "x": 5
        },
        "0,4"
      ],
      [
        {
          "y": -0.19999999999999996,
          "x": 3
        },
        "1,2"
      ],
      [
        {
          "y": -0.8,
          "x": 2
        },
        "1,1",
        {
          "x": 1
        },
        "1,3",
        "1,4"
      ],
      [
        {
          "y": -0.5500000000000003,
          "x": 1
        },
        "1,0"
      ],
      [
        {
          "y": -0.6499999999999999,
          "x": 3
        },
        "2,2"
      ],
      [
        {
          "y": -0.7999999999999998,
          "x": 2
        },
        "2,1",
        {
          "x": 1
        },
        "2,3",
        "2,4"
      ],
      [
        {
          "y": -0.5500000000000003,
          "x": 1
        },
        "2,0"
      ],
      [
        {
          "y": -0.3500000000000001,
          "x": 5.15
        },
        "3,3"
      ],
      [
        {
          "r": 30,
          "y": -2.5999999999999996,
          "x": 7.05
        },
        "3,4"
      ],
      [
        {
          "r": -30,
          "y": 5.45,
          "x": 3.05
        },
        "3,5"
      ],
      [
        {
          "r": -15,
          "y": -5.8500000000000005,
          "x": 8.35
        },
        "0,7"
      ],
      [
        {
          "y": -0.75,
          "x": 6.35
        },
        "0,5",
        "0,6",
        {
          "x": 1
        },
        "0,8",
        "0,9"
      ],
      [
        {
          "y": -0.25,
          "x": 8.35
        },
        "1,7"
      ],
      [
        {
          "y": -0.75,
          "x": 6.35
        },
        "1,5",
        "1,6",
        {
          "x": 1
        },
        "1,8"
      ],
      [
        {
          "y": -0.4500000000000002,
          "x": 10.35
        },
        "1,9"
      ],
      [
        {
          "y": -0.7999999999999998,
          "x": 8.35
        },
        "2,7"
      ],
      [
        {
          "y": -0.75,
          "x": 6.35
        },
        "2,5",
        "2,6",
        {
          "x": 1
        },
        "2,8"
      ],
      [
        {
          "y": -0.4500000000000002,
          "x": 10.35
        },
        "2,9"
      ],
      [
        {
          "y": -0.5,
          "x": 6.25
        },
        "3,6"
      ]
    ]
  }
}
